song,play_count
2A50A7CA9D4242C2A60809253CF0986A,92
E111C7474F4944E88566CD2890F96081,92
F9773406EF214E0FBC60B796FE77E79C,87
F9A397481B094AAC80274304DBA4F665,86
2965AAAACB264385BC5D960231E081A1,85
7B0B0F9116D345B3B397D00D32CBCB48,84
72E107EA5C354E79BBC391447C345835,83
47387B2FEEC04913B6A778FF703AD370,82
5C366E0666BB413C98AF67114088F425,82
36C1E197519B45B290FD99E2191B902B,81
3AB316AA13EA4A75A5143EE95702E18C,78
E2F9E9206CA24E8FBC2BB9DB0A23E1B6,78
F6E85FEEBC5B424B9A9E643D062B713C,77
F37323FFD13B4982B590519B8240A76E,77
42867E93CAFA4F3296145987FD085CC3,75
8F5EC8B27FE14B62A1B6EACFBADD2402,75
6C6D838AC63C48578E75145D845407B7,74
EF6C9B19A11F44E1BD7D01A2EB04E099,74
24863372B84240B8BB0CC3E93E3525AA,73
F171A125CA4149C2B8A3D24945EF99E0,73
B24C8757DCD04DE89F9DB9BEE9F018A7,72
6B1D115754E44118BB8A8E19710B9238,72
A45989754A4E495FA8069039AE74A759,72
BBF02C03786F40AAAEA16A7F064D1841,71
A945E86ED078490DBF1F6658E781CEFB,71
CAE8A332FC724AF684B0545F4BC5949B,70
12638A4BA5364F4A8058B7E1E7B86767,70
ABA79A6610D74FBAAC2FF8283B6B5AEE,70
CA00DD8DE23E469080DF3B04D7799945,70
7CB421C396894A27A019CE6F342006A5,70
F16319E3F9D44188B8116D9C6AE6984D,70
B8C9A511B5FB49D98B7EF74C390855E9,69
B8309C5C538F4FBD8A9E8607C08CBAE4,68
E5BA88B837D94EC99FBE594EB197535E,68
C7B732D001954252B7A705FF54EF6837,68
693B2914E0484CE68D6966FB0F490DCA,68
1A56F8B3C6C74B7D93A3B16C5624BC3A,68
20CE3A9F8C644424A7992F066E0F4ADB,68
3782FA7D4AC94A2986DAE2A3AF95C7E8,68
14D2ED56091C4A71BCBA578B985A7410,67
051AD1BEF1664895AC520D440780EB14,67
33DF7BB33BBA4E95B2C5B261DAC22C1B,67
72A91E914735430997BDAEFAF869017C,67
0F3EDD099F404795BC302E3ACC331EDB,66
F9585239CE88433E8FC4C27532746233,66
DE334FB71BA1408A8336F95D0577FF95,66
238D8FACA8A34794BB3E227E3BA19B06,66
F9B45D7D5483458FB769FA4D06183A80,66
A403725BB48F47C08803A98B5BAA14A9,65
DD4F3425ED5A42A28EB453C391E9DBF2,65
ACF4E7F8D3404F7787EEDCBD8E5E26F5,65
F24540426044461DA1F11A46A09463D6,65
9EC98F4C6EAC42B0AB596D49E5D1BF06,65
3F362D7BBCFB4D43887AA8A2B09EB60D,65
460B632D8CA24315A9B7B5C31FD94CB2,65
0C84EC9DCE34404DA353319C622DB331,65
57E7CF8FFCA348969C081EBB5AF062CD,64
C3BFE34B7DED44B2983FF8906FCA1888,64
EDC893831A0C4AEBABF5352BD91E1CBB,64
AC41EAD90B7445E6AD3C4862BDF8B71C,64
1AFD2022111540B88B594371035CB8A2,64
501FDD28A6DE4750B253B09D65D8C138,64
346E1CFD2ADF41FEA280BCC79B4469EB,64
50FF7CA233E94A7BA7A2CD81F80E6568,63
7A943CD7FEC84AEA87CA461EF01E1EC4,63
735224123B8A4B28B66965D820E005C8,63
DBB7691EA78F41509D4F1DD6C84136DE,63
4C27816730FB4CD5A9B5C11DC6FCF69B,63
6A03CB2825CD47CF8E6C6203D5872147,63
626D409922F24310B701677A2D93D306,63
CD1644965F0841DFAF8707D9BD18025E,63
CF6C0B8512CF49DBB4E00E4CD5F90D6E,63
D1E141BBE3B3458D8FC551B1632C7F57,62
80106FE2C71F4C0C82CC3A628285E89F,62
A50CED0A6A0D4C119306A42BD4BFDEC8,62
8C5C8F5361BB40CABF89F330A12930EC,62
E9C2B3D49BF74DF1ABD148E4323F5210,62
216F3FD830854B01856BBF755FB02E28,62
2AA4501A01284E41B30ABEFE537E1B59,62
2F05355627CF483F9EC80CD3C578D354,62
2DA22BA7C5904FC7B9DF92E8F4156E1A,62
B21F4A34FE654FB0813C694D15C39300,62
2BA92A76A3104332A91347B1FE95B0DA,62
B8F5F870CDF1465384BF4DF2D4DB6B0C,62
15BAFDC0BA05475DBD62D68439CA0CFA,62
603347A5BF5C442FBF9C8C186EBAA3B2,61
A2AFA29D3A3340C2A15DD12B37AFB8B8,61
686D192F3E554458A7D3923F2566810C,61
880C699661A84F81B2274A1D48A856E1,61
1EF39AA3B8354730BDCD68E83B5FA024,61
B8A3FF9287A44DFF96F93AE157C8B8A8,61
CF69FF0C921C4BA494D5BE4B18D28346,61
50AB42128788457782AE664E2EC68145,61
4D40535A7A1C4FF3A2CFF62544F2CA07,61
4DD3CCE47C2C4DE7B8062415C27A9B91,61
331E6D02650C41FD9235EB613F09BEED,61
D688E76FF56749FFAC695125A46BF76A,61
025A50C747DE435EADA2E775855B8A74,61
F03392F4041F423AA75C253D5FC2854F,61
CD28B5D065104A10AB462D70CFA633B3,60
08636BEFB8C14833BD43A7F09C5C419F,60
856BEBFE201C4C019A67A5FAA56C1855,60
B4949457D72E43D3BB75F16F77997A32,60
C7DAD9CA0C3047A78EB498DAC77F421C,60
7DF93EEE2BA146C691D600C9D3058734,60
B5D22869DEE94BE7A51E2EFC0EA6B86C,60
EA4908D1947F496DABAC147C20F6C5DF,60
8DCE44162E8B42279F48B091AB38F155,60
2FD128B13A454119926B7AE6BF0F808D,60
67E4995AE0D545848828B2FE23D10062,60
794F86C828E9448CBF1ED53A0C8C8BEE,60
A8BB4D9B6DF848F99EE4693F872DBB11,60
667D321AFE5F42F8853FA04217076BFA,60
8B5EF96747F541BEBB13B871E75F3000,60
99606DA9300F46249408F34016957FC9,60
A02183B1C0D442E5A1592C28B37BF2FE,60
D7D6F85056C642E18C39BADC1307E7CC,60
D3B568A8DA514326A487AEF04C864E1C,60
C3FBB43DFA5D445AA9F5C5C8CFBD4AA0,59
535E2A48937C454782433BCCFF7A05FA,59
25D1CF70FDE548CFB747DEA0735988E0,59
6F64983B886C4B7EB2402052D839E79F,59
A4F93C0C34B042DB9E175C21B188E453,59
839B2E067530472CBB79748E222C38EA,59
0E6CBE411EDF45D2A56DA98B2878C7BC,59
1C74E2789A3C45E4B47435C1DD56910D,59
B759B898E88C493B8BC10B979240EBF2,59
772D5B2F42B64CDAA401D1AF9A0F1869,59
37C5527427CE4929A1CD679B61135661,59
78CC9E4BE5C047C581694FC0E74CDB9E,59
C8352158E3C04E8BA40AF6900083C516,58
58D97BF713164D478E1845410C42F43B,58
5A17B38F726A4C31A80ED0EB7F1E48DF,58
5A76119828C943779FD61DECDA89A891,58
435760CF7E6A4F119BDA2C6C55074DCB,58
77F348478BFE4CCBA1E292266D916BB8,58
D7F084EA8B9A4AEDB868F3CA7346C916,58
86AABF80DF7B48BBBBEBF2347A8E2F0E,58
46132BC0EB224E38B0E866C8A5E7F789,58
8ABE5517CE524825AAF593C319E4DCEE,58
B60C4EC735F241E4864196BF46F318B5,58
F37B289F8EF14333AA7BC4DCF62CD6F3,58
234159B3BF3C4DAD8D61C2D24A19A942,58
241B85E836D74CE4AB31800B9D55963B,58
57E80AF6F11342C9883CC902A211FBF2,57
F00EB62C07134B269146803A15FBC9C1,57
3C46AC18343D4C43A42FE85C59ECC4EF,57
434159AB4C374FB1A83A4E64429E1EFC,57
8677CE33624B4710A1D3E3179371C9C4,57
4B87710D60B54FF79A98406570AB79A0,57
B18D35C7E6D647BCB95BB9B10C6F128A,57
01DCEC4C8897483A8BB22BE59955EF57,57
9B8401BCB1D64363B7D726D512AC558E,57
671637C9314F492FB1FE5F010F4A73F0,57
68FB26BD5BFC4FB0BA3EBBB31B4550F1,57
E3C50E8CC1B44E39A49B6D05EAA3B87C,57
BEBFE3D71BBA4FAC98E3832B2C68D7BB,57
D234A54354B84CE09B1E09000EDB6BCB,57
D09A8C10A03B4122B1FB07729C4F8D8C,56
A92187AF61514625A7E4731C8C41029F,56
BF22055CFB5A4A33B8C517EA0A5FBCD5,56
F34C3B2634AD4925B3CEB4FEC0568917,56
56165305992D437D80973A7AC3183FB1,56
8471B3334C5E4B7B8AD7EEC343DE23C3,56
9802EAB16F20439085614DEEB49ABA55,56
A4F98BF199FA45B9B0FB3E7B60FE327C,56
33FB454E91B642E6A60226BFB461898C,56
24776E667D61438BACF24D169C353B0C,56
A4C3C0AFFE0F400BA1A472DB41F00FD2,56
154C4039FEB94A54A763D509C4BF076C,56
0D130E56ECF84E8F93F7886B24FF4036,56
60DBCFCD3BCA449CA9A9D674BD9C1714,56
445BA736EBC140BDBA687B913E969453,56
C6BBCDD2D0AC45CA9AF7ED3BE3C87733,56
91991902D41F485AB0B508AEFF130B70,56
6CC2B9D353554CA9A9A6507F0D8E0936,56
D1FEDE381DAE4F2BAC5378661C20F2B8,55
A4FE78B001604494B8B713329BFB284F,55
DFBA32AED8A54E6EBBADA1E9607F650F,55
44E18CA6A56B4D9080AEB16FCBE62D30,55
7E51713A45E24A3EA36085C1FFD79AFC,55
BE79AEF5327C4E2EB86DED5D4C968073,55
B9B914BC4FEB4B78AECDE74225C9F518,55
97B7CDBEB350462DA0F509C2E9814572,55
8E81832613B744E3BB802EB911EE1406,55
F38624F5FDC3414188F9750491E2D646,55
18F47F008DBB49E49112219A4BA26ACA,55
DD0BDF4210C541908ECF709674D4226C,55
A114E1D11D8A4C9D824944EB3AE144F5,55
FB276A04D04E4D83B673E83CF966C4CF,55
D31CB353706E42269ABF10D5F74F2A39,55
8ED7FAAE896B42F0A760AC9D37A20AE0,55
7F036C80EB7147C4A4227BB5B3BAC404,55
60F4867DF5274EF29BA3C882B7B80F32,55
14723758C31F4FA08E2AC44FC37B2B49,55
13D3CA1B7CCD4888A91D3E4981DB022F,55
709A9B732BA14F6D8979480F0864D18A,55
967FAAE7966541F09DA919F6180A4FCC,55
9F4F9A9C5B714E84B062B17504CF740D,55
900690E53D804AFB9783E770E14137E7,55
2DD1845A627B4F808A704F7DB612DADE,55
ED38828D3C4A4C9C8C22C9626BC88E21,55
BAABD4E09D764E5AB3659B3505E9E9DE,54
84816FB0E9CB44E8BBB4AD4AA90CE716,54
DB2E9DB1F70242E7A7281F7D6A1D0B7C,54
722AE49D9B7B45F68E73B582262CCF9C,54
DA7823C486D3476BA0676F5B8540A492,54
8326B53291504F91A476BDCDC65F5994,54
5DC1C2807AE64B04B3100CA22CD7CE25,54
C6857DD32D7B45E4858332BB4BCB3B25,54
A1CB61DD46B64A70A6F5527947D164E3,54
23A71F52E5F5481D994CA3027D03181C,54
1097BDE2578A4AC09C42F979A28AD55D,54
F33E2C4ACF7E4456BF9BCB59256552C9,54
81E342ECAD5241DF9E7B7C4F0EE69DA1,54
2DAF992528AE4D7C842AD13AB2ABC6C6,54
18FC3C360B614F88B67E0BA30791883D,54
6EC303D4C83840669E3A6B2F5CA37D8B,54
91C10D757A3A4B7AB558E3D318587B9E,54
8214981C7A434EB1B857EDF1D2D2AB9A,54
12B232ADEB174043AED201F636A52BA6,54
515066F1C66449BD968AD72EA5CE80B9,53
9434CED2C87C48E392F41B3F03326224,53
AF7A2668EB1E490EBEEA27A30AFED429,53
49FFDD682CDC43E2BFFE699FFB7E8C92,53
4FB402B011744B808424EEB6585C595C,53
E8F4849E532E44429BF17464B4419B5B,53
6CC39611CEFB44DDAE159A3737EEBB19,53
70E880F2832D4CEB859BDE8B14026186,53
F1E1FDF08E344515B86CC960EB8DD9BB,53
3A20551BF00C46AEBFB3F7A31002CE21,53
B73E2976EAB34F56844B2DCCCA1E7722,53
616B8678CF8B481193586240F0C1A5F9,53
9CBF0440FB8A4C25B7996361205910EE,53
82A4F97EC03F402C9153C1A1ABF32844,53
75DD9B0FCACA48C1AC107082DAFFBC16,53
5B1A84FB583944E28D4452C7BE4A8F92,53
03A8028E18BB4D8DBBC455017CC2CF37,53
A6B41610FF104C16A6079025C88CDC9F,53
458452591CE543F4A91B02B246B98071,53
E8BDE8B18D764C549FBF9D67D564F545,53
1F71634AC2AB4355B43020F038945054,53
9E77B306160A41A99A688CC23C4F786E,52
8E6E731961E2489E96D70AF519B43F5E,52
64F0A5105DB0476D87A99878DEBCCD85,52
EA37A6EC896D4BC8BED111755BC849AC,52
D514ED7E215A41C48B458506A9AC81A3,52
CC4D1A6D9E0C42CFB28EC6B1E9B97453,52
B883535EC4D64F3381914CBF905B4516,52
6190E12DE6104BD6BD3F023143468ADD,52
58DD1DDA823F4149BA23F95B8C714D12,52
D6387B21475A46BEAF0B42813B22416E,52
A1B4E649D60743F99234162F987565A8,52
AD8816DDD1E5492FBA138A360A83E958,52
96F13203A6284465991A920B11D42072,52
28D3676F8A734813A447002B562F125A,52
139D01DD857149C7A9C81CA2189107E6,52
734D41B43B5A47338F49F57E3B1C727D,52
4CD63D9CA7D74AEC87693BCCB5F2B62D,52
CECFA3F30A38480DB4DEDD014213746F,52
72D35030BF70482B856C1B0CE0D65228,52
0D9686B00F71496AA9B6CA9476EDA3CC,52
3F89013A1AF740D08F6913DAD70D909E,52
0F78AAF5CE614AAD956F22BA719C1A71,52
28AAFF364DE348D19F10051B3C59B1CE,52
73CD37CBE7EA48058ECF324A5AE7C3C8,52
4DF6453AF8444094AE0B412090C1BBB7,52
B2367534E6A94646A13A8545B92C11F9,52
1E1D90560B9446CB8482BA0585E21018,52
789ADFC727F14BE7888FBFB3FFD0210C,52
3CC9EE846EF7414C92FC8A595C3D4058,52
F9C6BD73A94A47BA865903999C8874B4,52
E50B80A2A23A439C9CF776AA72351506,52
73984DCAEDBA404B91A71AD10889C9E0,52
6F64ED655A7247D6AFCDF70D0BD73905,51
9EA8B8E929AF4924A7D5F702ABF22920,51
1262FA2C600F4DF696429315A1122907,51
CFE6AC0AB44544C091DB714FD6ABDCE6,51
6A8B32F175A1469C96C7835D4C942908,51
DEE733A30384440EA7A13488F10EA2A8,51
01B70C715FCA4F669BBB15D0A4E5127D,51
BAA886F8513C448F843E5592774E6477,51
4E90D8ADA7FA49D9899C41709C45A1CE,51
66ED203704F742429F1234DB86B443D5,51
AD3A3A9F617B44109E77136E11BDB5E0,51
5EADE7F2DB95422DA2404E58AA7DE359,51
AD6FD1EBB7824C7FA1DAD5AF3AF45636,51
109C990F983D4C5199D68B7722F3F248,51
1E2730E40D0C42ADBB94441823841C0B,50
99D9125374124248A41FAEA7B309D794,50
92111E09F7964FAB9B021C3397B452BE,50
AF261DE0B01D4F60A18CE47FFC2EFF41,50
3C66C4128D8641F3BE8511280B54DBCC,50
F8226D3A65B148F894A2AB9E0479EF83,50
3B595D30656E4816807B1F49D1FFAA07,50
C249532CF72A4381B0FD5763A05C021C,50
BFBBFCC2DCA44F0FBFDC45E7DAE898B6,50
7FD5CCC4094F4BBAADD520996A40DEAD,50
23C19CF385D548508AA28B70AF6AFAFB,50
DE6B26840D754AC3A2FE3DB8A5A637BA,50
1B28CB311B394C1F959CEB49B3C07958,50
172E0FE71D46403FB488E3F9D893C835,50
87F393B86F124AC68BA381A28C14E8D5,50
1DECBA449B64464F9EEC634F029A5B9B,50
1011C0591E2A45A6AE460B822942AD0B,50
346ABFFF8E874EE0A7E74B2DD80A5B94,50
DCE6CC27C3DC484185AB64EAA356CF21,50
1B70F297C850452E9C9428BFEC7A1ADD,50
FA05C7F37A1549D28FEBC8F30DE9E771,50
73286589342C431D85251FD58A22604F,50
55AC104F435F4309B952CF66911D4043,50
A402AE68B93B4C638BA0437817788609,50
9956DFC6403346178E7F92AC03EE729C,49
6DDAE57C71654121B52A14F069D5B3FA,49
2663C940205A45AC8F56B3A8A57EC66C,49
2F30751D32674CA39590A8ED2390BDC1,49
B0E373F9060B4BD6A903A28D1FDA3B34,49
934990D5B90B45E196D4AA28868AE070,49
6C9FB26CBF7B42DB890127C39DE5C21E,49
BC4B42393D294107B472D7ECF8A7D29C,49
07AD5AD3B7D541048890724FBF981DB1,49
87DC2363A4124B47A85AD24C14CA37CF,49
C290D9C42A59487DA7390F7E3CE3067C,49
3A246AF5B869438DB7A7021878BAA11E,49
1DE216F0E3924443BFC639A8EA4C001C,49
559DECA1F65C4004990F15D34417E841,49
FC2D5DA3CEAF4CBFB6FF1304ED56C578,49
E65D6C09A8904E7CB10CD9AECA9615A1,49
4974DBE61C3E46FAAD273A44771380C5,49
6F8439025F8844C9B06CFEE2B74BD897,48
40E963EF73034EF4896AD4C84364EBF8,48
A96BE19257014A588F073CC3D1882FD5,48
FE938B964407462BAD8B2F8624F506F6,48
DEE5CF5AE38F4B4E8065E8DF4ED80BA3,48
3D94C0E9BCC743A291B1CBA8B6D68405,48
47EE6B269C3140AC87AA1E5CC837EADB,48
1657282271CC417D9EBDE5635322FD17,48
5DF5B9FE493849008E87D7032694433D,48
1CA9CD3BED3F47908C2FB48D6518A2BC,48
F74D48C6E7BB48B097FD3DB63E4074E1,48
295AB15440B941F693E723B911151B5A,48
4676648FEEA745FF8AEB4D0E03D2ACDC,48
68C65FB1904540EB83E77BE858EA46D4,48
879D2A0F78D94D0DAFF9923C8B753AA8,48
86838C1EB0584DF6B7F5473CA00A1C44,48
C1C5FFA2ACCB459490263454F5C7E1DF,48
C7823B7A2D074592946C51E438E2B8C1,48
AE2DB168E69C490CA735220DD5D5EBB4,48
0EF1DEFD9995495D8A99BD0B332A5F09,47
F90BD661729147F89EEE737963D6B457,47
96850BE67748419382238155302EA6AF,47
8BAA191702AA4CD9A85476129E4D4207,47
7F7108E702DE4D1FA0D7EAC1B70C804A,47
64A4E8A8E78A49C6BEFA077ADF3145B9,47
F4232BDDB2564896ACA9E23F29CB7F7F,47
AC72863B95534E74B28B6ECA3F9C818D,47
50AFA146CBEE46D6A21464C0782F23C8,47
CE0BD174A4A54BA5A7D30BCAADA84930,47
6F0DA852855C4E9E88B3FE2BFD46A21A,47
29EEB0EEB3714CFF9839F47251392155,47
5E1AED6D9D744EAE9F6F6BBA37E10735,47
0B4FA64A54E0410598851F7C6920CA74,47
E932456EB79543979DFDA6338AC7CDFE,47
59FBD212904E4848A7F21F2332E5E23E,47
DBEFDC9C78964AA884155427DF561E5E,47
91C0B50C5510480798C7395B5690DBCD,47
15ECEFB184E149429CEFFF1F3B2C75F5,47
D714960273334FC1885F3149969C23A2,47
5D715E6E928245BB98419276C001EEBB,47
B14B541D8308411BB444943AB0C32B7A,47
E06AA24E0F6348DAB8E082E20F7F1BB0,46
A71F779CFD714D47937E760923C6E835,46
D861948A1E924E1E90F6ED42C09F40AF,46
7758FF8EE1CB438783CAD3082B927FED,46
1E368D793B3345AFA79335C2FE8D9C8B,46
8A9CFC60202749CEAAD75265B33C60FA,46
8C8D0A375E424B5DB4FC5489F9A64F23,46
79220939905F4B33ACEC76F15D9300D0,46
0C5A52A0734B441F9202BC93AF393DA9,46
CFB586F79A6E4CACB72BFD10A67F0347,46
0A2AD66613574296ACF295DB77B6DACE,46
7A67A134F6E14184A55AB292210F5060,46
F2213B23625544C08FC7026611148B01,46
754D85BCB6654685A366F76EBA8C553D,46
38B0815036DA43A5A48136E629549118,46
74DC5B5B38AC4EB598AB2CA64DC031C4,46
6B8F2558CDD34719B20E663A0BFA109C,46
C47293CAC51145639F0A7A8099C26DBC,46
646BF462CC144074A1516588E75A3B74,46
9DCB877BDB4C4E19AC9977EE04B0D659,46
8EDFC15F8F2641768DC19732A2CADBE8,46
318BC2E7853E4EFA9FBDBC60928B8CCB,46
68B1800E61B945F38A61F7D96D4719B5,46
5EB3A84EA3E34D2F8ECEA39CCFAD2AE6,46
FB0017BBAD104F71B8EC6BCF42718706,46
C2A73FD47BFC48C598DA84C9014C0D3B,46
33732498F0544E548B02CEBEDD22619A,46
F6D4A71B2D3242DC9E834B10115D91E5,46
C197FA0D374844B3A66358E5114C60A8,46
51788D20CCA24F94BA66D1BB92D2A756,46
1B1E59D777054BAE899FE5102DD40B2B,46
2318EF89B54643D596D7DB9AF2940604,46
8F84B991FBE14A648A8D07E4D949C297,46
FC69BA8E381F4D718587015E97F875FA,46
8AE811E631414320AA48ED4C3289B21A,46
B2B65EADB82C4B5199C9384049A50191,46
3AF422CA50E549ECB2C62E603AD21CCF,46
080496E989514439B87F682AF32F2FF1,45
03717392168C4A54B531A41264AA6907,45
824C79D89BCC4C5396814385715363F6,45
B8A114C5349D423195443DC728F313F7,45
BB064FAFBE1F4B78A897D74AAFB36C0F,45
9CF4BA8155C647D2918E963299DAD826,45
AF02141C132D4C998E8E5DF65D5C0801,45
ADB5CA21BC384291B616F0B0A8662194,45
319A7916AA264C428E4B1B3628312228,45
E69240F1390B4A1CA8B6FC0B3A5FE41E,45
1ED4AE3209A94A46A3E2BF462B51EB95,45
A8AF46B472C64E95A9B04E85BC1D28EC,45
DFB74512DC11444884352F82F08E3E7E,45
DD791D0FCC774B829BE9EE8AA3E7C3A9,45
53D83702BB35413ABD38421C069D4BAB,45
F6B957160D7F4D1189E1D768CC399FC9,45
589F63B352584200907D375A7B21A766,45
5FD3B8B355504EA38B756495B397315C,45
B88E110036064C6E92D19330734E4D1F,45
BC82994C0F27431C93D8CC719D6B2C34,45
93FE1032CF9145D58FE5441C259F0D86,45
12925F960B714077965D923FAA61BB5E,45
9196E82C043F4A9EBFD5F11F49BED80D,45
0C2590DD73BD4B3DA246592F98D976C0,45
0DA7E135EE354C4999701EBF2B65F0D0,45
BEF99CB14547432DB7136F8F80D47F5D,45
927D3A84E7E543498B282631D38065B4,45
F88F98A10C064CC9BF3FB7C0D655913D,45
7056536ECCCA46D8B28325574C88A2FA,45
B652FDC95F7E48D495EEEC048799C0C2,44
250C9EA133294F71840FBD3CC1924D35,44
D13AA82040864008B47D369EC54D30D1,44
A74918FD07164496B754827B440022EC,44
2583D735E29445908024E906D012D632,44
28B228630B2A4B2AAA3B6978EF81EA0C,44
1E43C048D2BF4CC58D94481D3970AF42,44
66F1685784E74EB782A8338445554631,44
12AA4F467AE449EA9855915AC5E74A3C,44
DEB62460FDBD4923B5DB54686528A1BB,44
0FF93D1D6BB9480D868CEC1A35A9698B,44
6A1D9995272E48E7AD02F72EC3F22C97,44
C3607E0506E44A32842E94487D9A5FBC,44
C38D214B02734003A2DADB89D8333552,44
5F5038657A0D4DB1833ECA256C7EA7E9,44
14D22315F12641608C713B88DE6BF662,44
E040F2C9C7924E719D108E1B01811C2E,44
A5C903AFEFAC4ED4A36A062F1C11DA15,43
902893B21A724307BED76508CBAF1359,43
B89ECCB303744BAF9BDA74F176C599B0,43
B3955C9B679A431284288532CE06C95A,43
B2EFFAFD903149AA829A4D6589BC1D15,43
626F5C43A66F441A9BCA29D56D313E66,43
68C33E1BD40247F09FE8BC9274B1FA54,43
312056DA6BF64DAAA97E521C7E2A5B56,43
3A9A7947E0254057B29B7B22701E2096,43
69071DD9095B47AF945798847DCC9C24,43
715D930346A44D1E9837463E36D8BBEE,43
111DC561B2DA4CB68E51A844DBD3F21A,43
1A687474822040888564A910C60B270A,43
367F32EE7E8047E885B192946BE5D5B0,43
614134B5FD7A493BA4D4D4E5C1267C19,43
60C54AD5C42549E599E7B50ACBBC52D9,43
E2F202D7EDA84FEDA2DCACBA38AACD6D,43
22ADB4B448A8450AA16790FCF5CBFFB7,43
7E77D774E35948B384AA1B48371C11D1,43
1650B6B3BBB342CB9F96955C3D415F2E,43
4FED85382D174470A9F17FBFD5432335,43
236EE22399494CECB7B59464E0149E6B,43
0C142342770F4ED98009EC2B909CA7F3,43
EBEBA425C1234C3DB8B44C5EDD02B8DE,43
89D188420C8741B7892342B69F65A061,43
FD7B1C8D693A4FD88C891FDAC5664C13,43
86EA43415FEC4A1E9F6F650DF20DA76D,43
FE2E72FF11404B1490FF0C225057AA62,43
1928E67875C84EE18D72BC5C79A184C0,42
C696ABF701674E7B83BB273C79ECBEBE,42
26E8D5B03F52470790CC812FDADB2BF6,42
D54F6F25CA0D4761A8CD5046D2D9512F,42
994917E4CD59405A90634580CF293DD9,42
4F603F95C2424528824CEF83B95CC5B4,42
2B5401931B914E3FBCB3D558FA7E5B36,42
A056B6A300344CCF9821C2D6C1BBD222,42
F53128CEA80C427FA5E16F24F9EC0703,42
22CB5981D31D43398D3690D711295613,42
C44438239CF94A9CB6F12FC0317653CF,42
3144AFD0E59B4F7E9CDDDBE5C412E8EA,42
A8094B5EE2A148909A9B022BB3818294,42
31859393306544ECBAF4FEDC7550B452,42
9FC4689B400B4A148FE55D4AF61293C1,42
9F873B91180F4220B00664D7E3555B1D,42
B0F62463D95145E2A15C438223775E1E,42
7C5F1258713A4685B83567AD9619038C,42
75B0FF67DBA8412C99616A8EE8463FB7,42
6CB5FC153A384A759431DAA27A0EA8A8,42
9162F655A1A8442C8CF000D23CB43545,42
CFBAF0A7F66F4774B8231F025F0B501B,42
76132EE631D840088292AD325E550A00,42
32BDEA1D6DB6464D94F4EAB506AFD753,42
C216ADA056E344E990043FE14D6895D7,42
141C763816A34A9786974E0E23B1E100,42
E5CF5643C74E47168F1E5941CF3FEC98,41
29A36620E0D14D7F92C9BE963559034A,41
491F85DC3943433DAADD12495B7FECD0,41
010DF0A336714D1692B04510126619B4,41
7DA540A289D84B70BB7402A2027F0E94,41
0C8A0476BFEB4AE7B1212C1CDC398AD9,41
CAB94A7D9F6441D8B9824A83A8C0A9F2,41
8E6381D1ACF643A0B649B0A183128DBA,41
CAAABC70B8EF46888A5D9D0B8A408415,41
A06889CA88744308BD4A22E508E7AFED,41
22202554ED804888969AA34BA968FC25,41
83EB5EAB7EAE41F39B57066320920715,41
55990B13FD564728922069C41FE69275,41
53DF3B34EDB447C18DFF633ED835A9AA,41
A71317D5C9A4476095F32926C472CA44,41
1C867F0A1EC94EACA1DEB170FBE80805,41
D774BFCA367E41059DC4AEECAC9549E4,41
96920B8B4652425F9203BE82A174DF18,41
D4047B2E021C47ACBA6C0E0F02D9D224,41
631372A3CEE14AF08171339CBB776BB8,41
9C6CA29BAA114CA389BD0F75D8227D55,41
D63C7020FC704D71A44019522F866219,41
3A79C1E7A8BF441D9188D359F2A928D6,41
182DC31BA0024664B3EF24BAD398EC56,41
FC73E35017D44C38A8BB63AA54D47267,40
C05B189F9F304D63966FDB843C229473,40
4518B619710E421BAD99CF0E54BB3FBE,40
960C634DFC4949AF8C327146554CBE41,40
38B427FE7F5340E1B73B2D4DA0601EA4,40
998C56AF47F94D30ACADEAA3A7602BDD,40
26E74085559C4F90899B8BF1E606A8F0,40
97AE1A74AE9D4F49BBA751351D3D2A3D,40
421CCA69B3EB4CBCA8BC81E0CD0CCB61,40
D33CF3886A0F41FBA622160D9E86F9A1,40
B493423C1A894F94B9864C828E8D80A8,40
8218AA4CBBA542B7AA27233C8C469016,40
C4E73C26B8AA409F8DC47D19939198DB,40
78065DD75B6742F6A004819D61E2CBF8,40
9D5D9912C444499AA444F2C1B1E1A4C9,40
D8A3B15DA3894DDE842564D4423BA62F,40
7905CCBA315A47E8AA022EE84F7D0385,40
3BD7A96C433C45049D05EFCB96BEC5EC,39
E9E75EA46CCF419B8A0744F12FEA5C95,39
392464F55BEF4C8580B54966D141E0C3,39
FF28B853983E4A20A94B5C60354FCBAD,39
B18A787130CD46B79D55FF81E089869A,39
6BA86F913E5D41ADB4AAB41822601A52,39
8DCCAB86AE8D4A448A660B94D7AEAC40,39
CD99B5C31E4844EAAFDEE5C70C58221A,39
80092E4AC0A448F2AE4DEE90C93CE606,39
7C42FB9D7E0E4176B4A43D73A1219CAD,39
0F272E1C683F4ADB8F9BB246E3618A9B,39
6F77397C76564852B5091E1B5A283E7F,39
626F5DE7ED61403A8409C51716D4DD6A,39
BE59736917C3432A9C7B164BBD48618B,39
D9CDE68F4216485F81F07AD10F272602,39
EF6E46BF461D488AB659E9047B747F41,39
C2F9D99E958B4441BAE01D1FA86AC450,39
53D63CB1A83F4AB799BCBB2152D17746,39
26A71F6C86F34C3D8DACD86EFA3629E9,39
351EF23F9A5D4E3CA684C3198B619AE9,39
28EA20838A1C4E2F86E3B848E4AF07EE,38
126EA2AA1B3A4571BEADC6D029F4C179,38
B566516CED644781BF35EAB8B50C82A8,38
8ACBB74B187D4B50B3CAC85B83C6A04D,38
D8CCBD8FA6A84687B97E8509247F3F4C,38
45CF032398C042918E98AA577268B738,38
518263B0E0D349CEB6A5B36F7F6BA8A9,38
4A40C7653A3E4E5E9EF501E5F3E8AB99,38
C2EB482F70C6438099C500553CDE7EBB,38
47FD5C1E06BA4B939D4A622C5AA4CC1B,38
798C926D2A5D4A3A94F1AEA786D4167F,38
65D8851339EC4E3D97FCFD7160D928A9,38
DA365AE69627481E810EC0E611445F21,38
ACD7CD446D8D4B69B924C1B3133A3DC0,38
3AE33935E1974DA6AA98FF216EB0EE13,38
863A3448205D4BBB821F5867EA95FE61,38
9FEACC8E68AC4D6F84297E4A474B2A22,38
96D1E0401CB740E8A360D4498B57B03D,38
6380ECDC9C2E40E1864CAF6EFA61D359,37
16C22E1C4DA54B07AB58BA70CA6CF1BC,37
66BE0CC15A4F418682B526831CBAE6F6,37
2149BF6C5E0E4A4C88A22096DB8137A2,37
383390D93E3F497191A2653982A53738,37
7138864F2FDF4613B2E2FE17B36E2165,37
B713CD55B4344A0A88D06F3CBD6E6278,37
0EB7FC393FF540F792925B5167A5EE3D,37
7EE49866B6034C999804F915DA996747,37
83AA237BEB6F4B179D454C8D0B0D388E,37
0BFAD25280264DAB9781D212DD5DD76C,37
0B8BDE295E2C4D248DB31B275A9A6E89,37
8523ECC833984DA7A06E09B71D03D779,37
8DC5182B86C8435384DBF05B85C18014,37
74874992A7D04193B4D73A869140BD03,37
5EB68297F8534A92A26CB4070D391007,37
5ADBBCAB0B2242F9A340BB8B0190123A,37
C2BF1DFBB5664BC5A0CDA4E38F89FBB2,37
AC24E40C2E2344BC9F4AB64B473D4BE8,37
3ACAFFD7E13C4A6292335C69C1422D91,37
A8821DD371F8421086B9BCB5099730CA,37
E11DF0832CF842A881DD26E04733B10C,37
2FCB6FB7EF884721B3660EC3849D3963,37
C08763A4EDFF4765B0984DB142BD37C9,37
ECD690861C464DDF8DDF7391F0CE1F50,37
A5972E0039514EBFA8FEEC08CC83C281,37
4B1709ED383E44FAB8EF2F63914141E1,37
28DC1110D5144BD796FBA14DA8998AE2,37
4F1BE438F1F1428D89B27C9F0B8902D3,37
A14055293AFB4E3BB5FA80C585948C00,37
2689ECE55CC145DD96840AAFF304373C,37
59D7E809657847AC865A6ACC295F3570,37
50EBD4833F9A405D9018DCDF91B0F980,37
C6C5BD59E2AE4C7CBFD9B7EDB1DF47AC,36
C41F9B56FF5D4EB3ABED278C5A9BC2EF,36
E01E1EC45C914444A03757144D0D851C,36
C67FE0F0095E42E5B87BA368B421643B,36
F5BC8F9C818C4D20A8CFA53DC3A1A5B3,36
0050152A5E1B424D81F6D9BECE20EBEF,36
7D538DED7B1B4EF78DD69007F5750256,36
1B0F962BA5F84C5BB1F5D4A86A965C37,36
6942C20441B548D3BF0E47AE5676E121,36
62D0A16C7ECB4B6489B4E75548D9AE55,36
5F080DA1E1944DA7B2B951409EB50F6A,36
93FD382D6CE74CE0B85322F80C683D12,36
434186F0B8A642E6905448508884B98D,36
348AC583D77A4E7A8C8DD2475A6C6FDC,36
AD9915DA320A41C9BA5D0F7C7C205BB2,36
8093416F7619490CACC9ECA64B5E45E4,36
AF5DD847315447399DDCCBEE54A7D6BE,36
0BFEE19AA4AE41269363E425E8ED5A47,36
B7D5862878E04951BA82B54B0B125220,36
9CEE534B04604B2A923511F7014B0B14,35
752850267D634D62B70B7AFB4B5A09B8,35
D1EA5BB442354CF79724AA267FA1A38E,35
056D7DF116954A0A8B79483EBE864EA7,35
0E246FE51DCC4BC4B4415B858AA011FA,35
9238773DC79546F6B580071FE7BEC407,35
5A98386DED554B02A756AD414778C904,35
4CBAC018E68E4E05B230FCF3EF4E1A29,35
DFD4EC3F5C0A429DBD39694FBE935951,35
1B71E5CFF3B74C6790C8E43BFCE66994,35
9CB1770F572E4988B837BE5EE30AB14A,35
3E51D488FA964EF88CEC2FF84F46C2F8,35
9CF479BCB9E04240AAAF37FED4D91E7D,35
1E6BFDEB6EE94373A13A2C33EA4F9EA5,35
E36E22FBFFB34C42844D2018C6EC88BD,35
B11276EC226E43E4B6CEC3E4B04E7D90,35
3A7E0A11DD4A42AB88A0FBD0E869BB49,35
A5D2463B154C4414B5004EC6C09F279F,35
D98E4807B05C42C1BEC681A16D96A783,34
6F83CB74990A4F88945FA6F13F59D56D,34
2240BD2232B04458898A333D76DD7D00,34
65B1C57445C64AD982695F339C2A922C,34
22E3455E1EB84418B44ED2D067363C19,34
DB4A586DBE88401395FBB18EAC8152BC,34
E0D835A3217B4D1BAA10170BDE46BBF4,34
3231BC5EEB4B47209ED5183B3A92199D,34
F4AC8622C48A4C35BF557310D5D64092,34
E67A62EE5DC44F79B20EBB7C6F3A4BC1,34
599D5F6EC04840D98D4ECDD2A13D9B2F,34
48FB26BEB81048179C973D3583E877A4,34
80DF03B7603048A387D7A48CD2AA72F8,34
F6A51A44D9EC49BB85CCFBF73D972028,34
BE3B2F7EEC83478BAE32F4C8847FB305,34
C79313BFCC9D422591DE34F08FF3E739,34
88BB9CD25A62471F96B7DBE29BC2D710,34
BBCC423DB3F644F38C72C0B5223E5D67,34
D3E1407A38804919B75163EF513A9621,33
0FC0CDC19D8842A9909CDED1AC99B23A,33
0FF6459D7ED6413A8B1BC8AA955F1713,33
E0C3B849F41843329FF76C43BE32FE85,33
42C8E1FC94F5407AB1B474A1AB5435F2,33
10F44C24D4934B4390688AA55358634C,33
43C50E44889246A8945EF054ACBD40AB,33
D3887181814D47A8B7220E810250C00B,33
68483F01226A46A29ACD6B712CE7BFA2,33
D7CB2537F4C84D6AA296AF2BAE0B7929,33
AF5999CCDB494234B41AE0A97C93AD01,33
F88555308172494B9184AF5774F811FC,33
C9BBA2C66ADC4A2EA3EC5AEE25FC3BB6,33
B92B92152F1940F498744388DC3C1767,33
501EDC17693A4D2D92CBF8175684E1E2,33
72260C947C5B4305BD6161A5D6C4E1EA,33
37BC87BACDCF413EBFA91CFF531CBB05,33
EA584A5AC7A741AD94D5B46B224569AB,33
FC881BF2611E400B91D8F9C0A69DDB82,33
0529169435BA49F493CC9F33F53F013C,33
30CCEF8354E0451793A0E96D9CBBC5D5,33
26A6EF2EBCC1468297862DCC0FC7137D,33
D0C3813CFA9C494DB14F70FFB36C286B,33
8860805CA94E4EA88F8395C7EB767CBB,33
A109182484CC4D35A88B0D361D9CDC88,33
1B943B329830462BB40F098EF58A5605,32
2315290535674736BAE39022187AACF6,32
9A0EB4671A0F4065981E2821498B8571,32
9F4C893181374E4AA0E9B3AC7AE21164,32
35510F1ABFC24E6EA4B0AAE93F915AF7,32
ED56257437B7412F8F8D0A6AD6E4E2BA,32
38BE19F63C544785B27DF1A319E08BC0,32
97E31AD2FCA84DDB82AE635369102EC6,32
52E13DDB827B493ABF444CE7569BB9C2,32
38CE945D69EB4E979A3CC2F7B5E105FC,32
5C7A1415D54C4BDA8A3EB6DAB90B2AD3,32
2E671F40251441BABD553E3AEB7A8FF8,32
1D6C93D6FEF2493697ABF649CDEF6105,32
5A110C1C07C34791B7C2888FDFC83198,32
0C52075AF1174FB389B46F4DD5E77F70,32
798B59FF33314AF78422148C27D6CF1F,32
083536A09785404EBFA6A9508A38B678,32
D571D5CC006E40988194C7961D80973B,32
68F0380A314E41B2A02EF6E22634C6E5,32
CB1E6E9735864DFB990775B231C8B2A8,32
D38A2574C0A64CE2863DA5D785B3EEE9,31
3C028B5CC0394420BDA2AD4F37B7A4A2,31
3D626C3761B7436A848DAA85D41A6208,31
256C965A1EB049AFB2D48EB3E3451EB5,31
ADAEE1914B2A493FBBADC4BA42085301,31
F2C3A4D916A040FEB5644CB440957610,31
9BAB3D52D2A24D09A29A703596CFD5D1,31
D61C72D2393848538B03189652C6372E,31
6A25D59FF9E046EEA258C7B57739D51D,31
A7592A5B4960466BB0F552CCB8BBE556,31
6B560038B2244BECB9D0513B7FE76A69,31
1A2340C1CF154DDBB6249E7C78AD0482,31
186FACC6785F48B1954D2FDE00B134FD,31
DEE182E80CA84B929596B2D07310A858,31
8EA1A069F8524D6A83B1E90F5A51DAE2,31
D929B762E6BE4FE9819B9F11983BA451,31
11974839DADA4753835BFF0C0F5B448B,31
2F4324F8FFDA441F82D8DDC864680A34,30
5AC3ECF18C5A46E9B51BB137E9FA5C08,30
743E81C1933549E08715295AF2462F37,30
F81A1DBA02CB4CDDB9EFF919A2F67851,30
951BAED336214765BB1526433B7F8BA7,30
734638FC66484F339DF7A47E3F883D32,30
F10E55DEF99D477FB68BFB4893975E2C,30
113D0A25130648BAB5D906D9C9523E73,30
BCDAA4D833D044E7B8B402E57B461BA4,30
278C915B8B07481BB2D10A25B40A7C2C,30
4622E57FFC6D4A8D8B79DD72AE32248C,30
37A3D375FC6C45578C8CAC557D284112,30
780D9097106A4C5EBDA163051DC25741,29
73D1680E91E049C58FC7F60C52B70135,29
5CD20DFE8D5B42DBB6E4510AF853C737,29
A5ECB17128E94716ABA724CC5087834D,29
E4A2F9EBC02E4D56857E7760732C5638,29
AE0E127E31BF445A8C703D681FFDF510,29
67634338EBD44EAC9707C00CE0360FAD,29
45FC9ABB658C470981DAE334BFA4C928,29
64A94B8A29AB4AABA0673CD0E8ABEE59,29
136F7699B645443F96EF605F8FCB0ADC,29
ED43E4CF7FC34277BA127B649CC421C8,29
097DDEF6BC164F51A999B621597473D5,28
890E6455FC694DCC83CA0E7A27B88754,28
965460369A6C4E529B506B338CD2541C,28
B769C0B6166449BF8B87E0D9DBEFB29F,28
01C72ECF2D994E5C9A473E13AA723707,28
F1F303D7683D4BCCA153A22C470AA2BF,27
08DDF22853BF42079B6FCDC596804063,27
8382AC495DAA4065BCB7AE437AA0B011,27
506BC69852DF4C2AAFC60C9789490B12,27
3BDA3FEAF5084220A4F1AEB0FC137BAA,27
6A1B50CE0ACA4CEBB7EE6F93A4B48850,27
A3FDFDC61F8C4AC1B9966073BA292FD6,27
9977029AA6084E13AB55EB8FE1259931,27
40350C8602C248FBB76CA25F3BBFA21F,27
79FBA51EFF4247AA95B17BB70D66E052,26
FBA64BC6029C4EF4800295D452154686,26
6BE7076F158F497CA383FF61AF12D94A,26
DC4057D7F73F4A4D94E995551BC13D5A,26
51129C00F86D4D9BADE0B73199E70F69,26
EC32E5830EC2419D93D069A6C16F9138,26
1C451970F58945B380AC2502045969C8,26
F25262DAC3C74827842D6F84BB21E374,26
E5B3BAA0A27D45708080715BC7B6BF82,26
289A01D769154464A9D90B667FE3DEB7,26
26660A351BF446FBA1ED3B315CD5C18A,26
2C6882575B9B403ABB266257C2C1A5CC,26
A10049FD2EE94CAD8DD269EF0FC37310,25
FB45DFCBE0664D34A601109369766F4D,25
8FB5E623781849B69331BA2B923B6449,25
185826000C874299972D6F999CCEBA62,25
765291A5F09F4383A77A0CEFFD045501,25
1963B67B0F72416F9DB88FD7EF6675C3,25
86CC557EACEA465497CE9CAA450F0FAA,25
9DA9F150F84F4C9FAB9BCC7E231A1BDA,25
FF1F31FCD4E641CABF03F95122B57989,25
E157988806E0438881A417E6E4B24C19,25
E989DBB4EA9A4D84B5CC7F521C456BE8,24
EAD338DB49534F88B427258DEF1617BB,24
DFF5DC04D948459A9DF2339308AA3546,24
E876CB7B9D0646E786462CB7B287E112,24
BA63319EBA3B4984B2F034831A15BC58,24
76D3BAFD7C5746079F5B637ABF471A57,24
7E3329A1F5104CB899B1C4D37A5C6F0F,23
D3A0A256549B4643AC5F79901A2D458D,23
701F5D024FF34600B3300A536BB73257,23
8A8ED799824748B8B3E83C0D4084604F,23
3A02035D7351413BAAB7CA450BCBE332,23
E9D8E9EA5E474F7D90741261AF2DAB05,23
1B841062567E4D3B99597012D338D056,22
CAC719D736CE406FAD8248402D2C2B04,22
595F5258632C41A68C9C515617DC9261,22
02E0AC98E7C34A43A0962137F2EC5EF5,22
7CE2C18E25934C868CF7B14F1223D14C,21
074FDB1378FD411B94EA4E419348920B,20
EAD7AB86B85C4D44814D122111022BA1,20
767DD747093B45BCAF42D4C4B92307B0,20
5EC7EE5C70924D5CB7DDB1AF15F85025,20
07F93467F6C84A26997DF1A5284FF855,19
03ECF6F1AC624A7DAE1665632BE3362F,19
189555B0198F42E094A9316C0D18AFE0,19
44EDBCD9F5CF475CA71042DC3324DC78,18
BFD26896B38D4A868E5C83C335DEB010,18
2D5A163A386E4ABF9887557BEF00DC13,18
A18C296A4404472DA4543E5B8BA890A5,18
306F431B171C4DBC849CB8DAB8770A3C,18
88199FD355CE4042A8542843345DE393,10
